tilenum, used, names
1, 1, SECTOREFFECTOR::SECTOREFFECTOR__STATIC
2, 1, ACTIVATOR::ACTIVATOR__STATIC
3, 1, TOUCHPLATE::TOUCHPLATE__STATIC
4, 1, ACTIVATORLOCKED::ACTIVATORLOCKED__STATIC
5, 1, MUSICANDSFX::MUSICANDSFX__STATIC
6, 1, LOCATORS::LOCATORS__STATIC
7, 1, CYCLER::CYCLER__STATIC
8, 1, MASTERSWITCH::MASTERSWITCH__STATIC
9, 1, RESPAWN::RESPAWN__STATIC
10, 1, GPSPEED::GPSPEED__STATIC
13, 1, FOF::FOF__STATIC
20, 1, ARROW::ARROW__STATIC
21, 1, FIRSTGUNSPRITE::FIRSTGUNSPRITE__STATIC
22, 1, CHAINGUNSPRITE::CHAINGUNSPRITE__STATIC
23, 1, RPGSPRITE::RPGSPRITE__STATIC
24, 1, FREEZESPRITE::FREEZESPRITE__STATIC
25, 1, SHRINKERSPRITE::SHRINKERSPRITE__STATIC
26, 1, HEAVYHBOMB::HEAVYHBOMB__STATIC
27, 1, TRIPBOMBSPRITE::TRIPBOMBSPRITE__STATIC
28, 1, SHOTGUNSPRITE::SHOTGUNSPRITE__STATIC
29, 1, DEVISTATORSPRITE::DEVISTATORSPRITE__STATIC
30, 1, HEALTHBOX::HEALTHBOX__STATIC
31, 1, AMMOBOX::AMMOBOX__STATIC
32, 1, GROWSPRITEICON::GROWSPRITEICON__STATIC
33, 1, INVENTORYBOX::INVENTORYBOX__STATIC
37, 1, FREEZEAMMO::FREEZEAMMO__STATIC
40, 1, AMMO::AMMO__STATIC
41, 1, BATTERYAMMO::BATTERYAMMO__STATIC
42, 1, DEVISTATORAMMO::DEVISTATORAMMO__STATIC
44, 1, RPGAMMO::RPGAMMO__STATIC
45, 1, GROWAMMO::GROWAMMO__STATIC
46, 1, CRYSTALAMMO::CRYSTALAMMO__STATIC
47, 1, HBOMBAMMO::HBOMBAMMO__STATIC
48, 1, AMMOLOTS::AMMOLOTS__STATIC
49, 1, SHOTGUNAMMO::SHOTGUNAMMO__STATIC
51, 1, COLA::COLA__STATIC
52, 1, SIXPAK::SIXPAK__STATIC
53, 1, FIRSTAID::FIRSTAID__STATIC
54, 1, SHIELD::SHIELD__STATIC
55, 1, STEROIDS::STEROIDS__STATIC
56, 1, AIRTANK::AIRTANK__STATIC
57, 1, JETPACK::JETPACK__STATIC
59, 1, HEATSENSOR::HEATSENSOR__STATIC
60, 1, ACCESSCARD::ACCESSCARD__STATIC
61, 1, BOOTS::BOOTS__STATIC
70, 1, MIRRORBROKE::MIRRORBROKE__STATIC
78, 1, CLOUDYOCEAN::CLOUDYOCEAN__STATIC
79, 1, CLOUDYSKIES::CLOUDYSKIES__STATIC
80, 1, MOONSKY1::MOONSKY1__STATIC
81, 0, MOONSKY2
82, 0, MOONSKY3
83, 0, MOONSKY4
84, 1, BIGORBIT1::BIGORBIT1__STATIC
85, 0, BIGORBIT2
86, 0, BIGORBIT3
87, 0, BIGORBIT4
88, 0, BIGORBIT5
89, 1, LA::LA__STATIC
98, 0, REDSKY1
99, 0, REDSKY2
100, 1, ATOMICHEALTH::ATOMICHEALTH__STATIC
120, 1, TECHLIGHT2::TECHLIGHT2__STATIC
121, 1, TECHLIGHTBUST2::TECHLIGHTBUST2__STATIC
122, 1, TECHLIGHT4::TECHLIGHT4__STATIC
123, 1, TECHLIGHTBUST4::TECHLIGHTBUST4__STATIC
124, 1, WALLLIGHT4::WALLLIGHT4__STATIC
125, 1, WALLLIGHTBUST4::WALLLIGHTBUST4__STATIC
130, 1, ACCESSSWITCH::ACCESSSWITCH__STATIC
132, 1, SLOTDOOR::SLOTDOOR__STATIC
134, 1, LIGHTSWITCH::LIGHTSWITCH__STATIC
136, 1, SPACEDOORSWITCH::SPACEDOORSWITCH__STATIC
138, 1, SPACELIGHTSWITCH::SPACELIGHTSWITCH__STATIC
140, 1, FRANKENSTINESWITCH::FRANKENSTINESWITCH__STATIC
142, 1, NUKEBUTTON::NUKEBUTTON__STATIC
146, 1, MULTISWITCH::MULTISWITCH__STATIC
150, 1, DOORTILE5::DOORTILE5__STATIC
151, 1, DOORTILE6::DOORTILE6__STATIC
152, 1, DOORTILE1::DOORTILE1__STATIC
153, 1, DOORTILE2::DOORTILE2__STATIC
154, 1, DOORTILE3::DOORTILE3__STATIC
155, 1, DOORTILE4::DOORTILE4__STATIC
156, 1, DOORTILE7::DOORTILE7__STATIC
157, 1, DOORTILE8::DOORTILE8__STATIC
158, 1, DOORTILE9::DOORTILE9__STATIC
159, 1, DOORTILE10::DOORTILE10__STATIC
160, 1, DOORSHOCK::DOORSHOCK__STATIC
162, 1, DIPSWITCH::DIPSWITCH__STATIC
164, 1, DIPSWITCH2::DIPSWITCH2__STATIC
166, 1, TECHSWITCH::TECHSWITCH__STATIC
168, 1, DIPSWITCH3::DIPSWITCH3__STATIC
170, 1, ACCESSSWITCH2::ACCESSSWITCH2__STATIC
180, 0, REFLECTWATERTILE
200, 1, FLOORSLIME::FLOORSLIME__STATIC
230, 1, BIGFORCE::BIGFORCE__STATIC
247, 0, EPISODE
255, 1, MASKWALL9::MASKWALL9__STATIC
260, 0, W_LIGHT
263, 1, SCREENBREAK1::SCREENBREAK1__STATIC
264, 1, SCREENBREAK2::SCREENBREAK2__STATIC
265, 1, SCREENBREAK3::SCREENBREAK3__STATIC
266, 1, SCREENBREAK4::SCREENBREAK4__STATIC
267, 1, SCREENBREAK5::SCREENBREAK5__STATIC
268, 1, SCREENBREAK6::SCREENBREAK6__STATIC
269, 1, SCREENBREAK7::SCREENBREAK7__STATIC
270, 1, SCREENBREAK8::SCREENBREAK8__STATIC
271, 1, SCREENBREAK9::SCREENBREAK9__STATIC
272, 1, SCREENBREAK10::SCREENBREAK10__STATIC
273, 1, SCREENBREAK11::SCREENBREAK11__STATIC
274, 1, SCREENBREAK12::SCREENBREAK12__STATIC
275, 1, SCREENBREAK13::SCREENBREAK13__STATIC
285, 1, MASKWALL1::MASKWALL1__STATIC
293, 1, W_TECHWALL1::W_TECHWALL1__STATIC
297, 1, W_TECHWALL2::W_TECHWALL2__STATIC
299, 1, W_TECHWALL15::W_TECHWALL15__STATIC
301, 1, W_TECHWALL3::W_TECHWALL3__STATIC
305, 1, W_TECHWALL4::W_TECHWALL4__STATIC
306, 1, W_TECHWALL10::W_TECHWALL10__STATIC
307, 1, W_TECHWALL16::W_TECHWALL16__STATIC
336, 0, WATERTILE2::WATERTILE2__STATIC
341, 1, BPANNEL1::BPANNEL1__STATIC
342, 1, PANNEL1::PANNEL1__STATIC
343, 1, PANNEL2::PANNEL2__STATIC
344, 0, WATERTILE
351, 1, STATIC::STATIC__STATIC
357, 1, W_SCREENBREAK::W_SCREENBREAK__STATIC
360, 1, W_HITTECHWALL3::W_HITTECHWALL3__STATIC
361, 1, W_HITTECHWALL4::W_HITTECHWALL4__STATIC
362, 1, W_HITTECHWALL2::W_HITTECHWALL2__STATIC
363, 1, W_HITTECHWALL1::W_HITTECHWALL1__STATIC
387, 1, MASKWALL10::MASKWALL10__STATIC
391, 1, MASKWALL11::MASKWALL11__STATIC
395, 1, DOORTILE22::DOORTILE22__STATIC
407, 1, FANSPRITE::FANSPRITE__STATIC
411, 1, FANSPRITEBROKE::FANSPRITEBROKE__STATIC
412, 1, FANSHADOW::FANSHADOW__STATIC
416, 1, FANSHADOWBROKE::FANSHADOWBROKE__STATIC
447, 1, DOORTILE18::DOORTILE18__STATIC
448, 1, DOORTILE19::DOORTILE19__STATIC
449, 1, DOORTILE20::DOORTILE20__STATIC
487, 0, SPACESHUTTLE
489, 0, SATELLITE
499, 1, VIEWSCREEN2::VIEWSCREEN2__STATIC
501, 0, VIEWSCREENBROKE
502, 1, VIEWSCREEN::VIEWSCREEN__STATIC
503, 1, GLASS::GLASS__STATIC
504, 1, GLASS2::GLASS2__STATIC
510, 1, STAINGLASS1::STAINGLASS1__STATIC
514, 1, MASKWALL5::MASKWALL5__STATIC
516, 1, SATELITE::SATELITE__STATIC
517, 1, FUELPOD::FUELPOD__STATIC
538, 0, SLIMEPIPE
546, 1, CRACK1::CRACK1__STATIC
547, 1, CRACK2::CRACK2__STATIC
548, 1, CRACK3::CRACK3__STATIC
549, 1, CRACK4::CRACK4__STATIC
550, 1, FOOTPRINTS::FOOTPRINTS__STATIC
551, 1, DOMELITE::DOMELITE__STATIC
554, 1, CAMERAPOLE::CAMERAPOLE__STATIC
556, 1, CHAIR1::CHAIR1__STATIC
557, 1, CHAIR2::CHAIR2__STATIC
559, 1, BROKENCHAIR::BROKENCHAIR__STATIC
560, 1, MIRROR::MIRROR__STATIC
563, 1, WATERFOUNTAIN::WATERFOUNTAIN__STATIC
567, 1, WATERFOUNTAINBROKE::WATERFOUNTAINBROKE__STATIC
568, 1, FEMMAG1::FEMMAG1__STATIC
569, 1, TOILET::TOILET__STATIC
571, 1, STALL::STALL__STATIC
573, 1, STALLBROKE::STALLBROKE__STATIC
577, 1, FEMMAG2::FEMMAG2__STATIC
578, 1, REACTOR2::REACTOR2__STATIC
579, 1, REACTOR2BURNT::REACTOR2BURNT__STATIC
580, 1, REACTOR2SPARK::REACTOR2SPARK__STATIC
595, 1, GRATE1::GRATE1__STATIC
596, 1, BGRATE1::BGRATE1__STATIC
602, 1, SOLARPANNEL::SOLARPANNEL__STATIC
603, 1, NAKED1::NAKED1__STATIC
607, 1, ANTENNA::ANTENNA__STATIC
609, 1, MASKWALL12::MASKWALL12__STATIC
615, 1, TOILETBROKE::TOILETBROKE__STATIC
616, 1, PIPE2::PIPE2__STATIC
617, 1, PIPE1B::PIPE1B__STATIC
618, 1, PIPE3::PIPE3__STATIC
619, 1, PIPE1::PIPE1__STATIC
621, 1, CAMERA1::CAMERA1__STATIC
626, 0, BRICK
630, 0, SPLINTERWOOD
633, 1, PIPE2B::PIPE2B__STATIC
634, 1, BOLT1::BOLT1__STATIC
640, 0, W_NUMBERS::W_NUMBERS__STATIC
660, 1, WATERDRIP::WATERDRIP__STATIC
661, 1, WATERBUBBLE::WATERBUBBLE__STATIC
662, 1, WATERBUBBLEMAKER::WATERBUBBLEMAKER__STATIC
663, 1, W_FORCEFIELD::W_FORCEFIELD__STATIC
669, 1, VACUUM::VACUUM__STATIC
672, 1, FOOTPRINTS2::FOOTPRINTS2__STATIC
673, 1, FOOTPRINTS3::FOOTPRINTS3__STATIC
674, 1, FOOTPRINTS4::FOOTPRINTS4__STATIC
675, 1, EGG::EGG__STATIC
678, 1, SCALE::SCALE__STATIC
680, 1, CHAIR3::CHAIR3__STATIC
685, 1, CAMERALIGHT::CAMERALIGHT__STATIC
686, 1, MOVIECAMERA::MOVIECAMERA__STATIC
689, 1, IVUNIT::IVUNIT__STATIC
694, 1, POT1::POT1__STATIC
695, 1, POT2::POT2__STATIC
697, 1, POT3::POT3__STATIC
700, 1, PIPE3B::PIPE3B__STATIC
701, 1, WALLLIGHT3::WALLLIGHT3__STATIC
702, 1, WALLLIGHTBUST3::WALLLIGHTBUST3__STATIC
703, 1, WALLLIGHT1::WALLLIGHT1__STATIC
704, 1, WALLLIGHTBUST1::WALLLIGHTBUST1__STATIC
705, 1, WALLLIGHT2::WALLLIGHT2__STATIC
706, 1, WALLLIGHTBUST2::WALLLIGHTBUST2__STATIC
712, 1, LIGHTSWITCH2::LIGHTSWITCH2__STATIC
716, 1, WAITTOBESEATED::WAITTOBESEATED__STATIC
717, 1, DOORTILE14::DOORTILE14__STATIC
753, 1, STATUE::STATUE__STATIC
762, 1, MIKE::MIKE__STATIC
765, 1, VASE::VASE__STATIC
768, 1, SUSHIPLATE1::SUSHIPLATE1__STATIC
769, 1, SUSHIPLATE2::SUSHIPLATE2__STATIC
774, 1, SUSHIPLATE3::SUSHIPLATE3__STATIC
779, 1, SUSHIPLATE4::SUSHIPLATE4__STATIC
781, 1, DOORTILE16::DOORTILE16__STATIC
792, 1, SUSHIPLATE5::SUSHIPLATE5__STATIC
806, 1, OJ::OJ__STATIC
830, 1, MASKWALL13::MASKWALL13__STATIC
859, 1, HURTRAIL::HURTRAIL__STATIC
860, 1, POWERSWITCH1::POWERSWITCH1__STATIC
862, 1, LOCKSWITCH1::LOCKSWITCH1__STATIC
864, 1, POWERSWITCH2::POWERSWITCH2__STATIC
867, 1, ATM::ATM__STATIC
869, 1, STATUEFLASH::STATUEFLASH__STATIC
888, 1, ATMBROKE::ATMBROKE__STATIC
893, 0, BIGHOLE2
901, 1, STRIPEBALL::STRIPEBALL__STATIC
902, 1, QUEBALL::QUEBALL__STATIC
903, 1, POCKET::POCKET__STATIC
904, 1, WOODENHORSE::WOODENHORSE__STATIC
908, 1, TREE1::TREE1__STATIC
910, 1, TREE2::TREE2__STATIC
911, 1, CACTUS::CACTUS__STATIC
913, 1, MASKWALL2::MASKWALL2__STATIC
914, 1, MASKWALL3::MASKWALL3__STATIC
915, 1, MASKWALL4::MASKWALL4__STATIC
916, 1, FIREEXT::FIREEXT__STATIC
921, 1, TOILETWATER::TOILETWATER__STATIC
925, 1, NEON1::NEON1__STATIC
926, 1, NEON2::NEON2__STATIC
939, 1, CACTUSBROKE::CACTUSBROKE__STATIC
940, 1, BOUNCEMINE::BOUNCEMINE__STATIC
950, 1, BROKEFIREHYDRENT::BROKEFIREHYDRENT__STATIC
951, 1, BOX::BOX__STATIC
952, 1, BULLETHOLE::BULLETHOLE__STATIC
954, 1, BOTTLE1::BOTTLE1__STATIC
955, 1, BOTTLE2::BOTTLE2__STATIC
956, 1, BOTTLE3::BOTTLE3__STATIC
957, 1, BOTTLE4::BOTTLE4__STATIC
963, 1, FEMPIC5::FEMPIC5__STATIC
964, 1, FEMPIC6::FEMPIC6__STATIC
965, 1, FEMPIC7::FEMPIC7__STATIC
969, 1, HYDROPLANT::HYDROPLANT__STATIC
971, 1, OCEANSPRITE1::OCEANSPRITE1__STATIC
972, 1, OCEANSPRITE2::OCEANSPRITE2__STATIC
973, 1, OCEANSPRITE3::OCEANSPRITE3__STATIC
974, 1, OCEANSPRITE4::OCEANSPRITE4__STATIC
975, 1, OCEANSPRITE5::OCEANSPRITE5__STATIC
977, 1, GENERICPOLE::GENERICPOLE__STATIC
978, 1, CONE::CONE__STATIC
979, 1, HANGLIGHT::HANGLIGHT__STATIC
981, 1, HYDRENT::HYDRENT__STATIC
988, 1, MASKWALL14::MASKWALL14__STATIC
990, 1, TIRE::TIRE__STATIC
994, 1, PIPE5::PIPE5__STATIC
995, 1, PIPE6::PIPE6__STATIC
996, 1, PIPE4::PIPE4__STATIC
997, 1, PIPE4B::PIPE4B__STATIC
1003, 1, BROKEHYDROPLANT::BROKEHYDROPLANT__STATIC
1005, 1, PIPE5B::PIPE5B__STATIC
1007, 1, NEON3::NEON3__STATIC
1008, 1, NEON4::NEON4__STATIC
1009, 1, NEON5::NEON5__STATIC
1012, 1, BOTTLE5::BOTTLE5__STATIC
1013, 1, BOTTLE6::BOTTLE6__STATIC
1014, 1, BOTTLE8::BOTTLE8__STATIC
1020, 1, SPOTLITE::SPOTLITE__STATIC
1022, 0, HANGOOZ
1024, 1, MASKWALL15::MASKWALL15__STATIC
1025, 1, BOTTLE7::BOTTLE7__STATIC
1026, 1, HORSEONSIDE::HORSEONSIDE__STATIC
1031, 1, GLASSPIECES::GLASSPIECES__STATIC
1034, 0, HORSELITE
1045, 0, DONUTS
1046, 1, NEON6::NEON6__STATIC
1059, 1, MASKWALL6::MASKWALL6__STATIC
1060, 0, CLOCK
1062, 1, RUBBERCAN::RUBBERCAN__STATIC
1067, 0, BROKENCLOCK
1069, 1, PLUG::PLUG__STATIC
1079, 1, OOZFILTER::OOZFILTER__STATIC
1082, 1, FLOORPLASMA::FLOORPLASMA__STATIC
1088, 1, REACTOR::REACTOR__STATIC
1092, 1, REACTORSPARK::REACTORSPARK__STATIC
1096, 1, REACTORBURNT::REACTORBURNT__STATIC
1102, 1, DOORTILE15::DOORTILE15__STATIC
1111, 1, HANDSWITCH::HANDSWITCH__STATIC
1113, 1, CIRCLEPANNEL::CIRCLEPANNEL__STATIC
1114, 1, CIRCLEPANNELBROKE::CIRCLEPANNELBROKE__STATIC
1122, 1, PULLSWITCH::PULLSWITCH__STATIC
1124, 1, MASKWALL8::MASKWALL8__STATIC
1141, 1, BIGHOLE::BIGHOLE__STATIC
1142, 1, ALIENSWITCH::ALIENSWITCH__STATIC
1144, 1, DOORTILE21::DOORTILE21__STATIC
1155, 1, HANDPRINTSWITCH::HANDPRINTSWITCH__STATIC
1157, 1, BOTTLE10::BOTTLE10__STATIC
1158, 1, BOTTLE11::BOTTLE11__STATIC
1159, 1, BOTTLE12::BOTTLE12__STATIC
1160, 1, BOTTLE13::BOTTLE13__STATIC
1161, 1, BOTTLE14::BOTTLE14__STATIC
1162, 1, BOTTLE15::BOTTLE15__STATIC
1163, 1, BOTTLE16::BOTTLE16__STATIC
1164, 1, BOTTLE17::BOTTLE17__STATIC
1165, 1, BOTTLE18::BOTTLE18__STATIC
1166, 1, BOTTLE19::BOTTLE19__STATIC
1169, 1, DOORTILE17::DOORTILE17__STATIC
1174, 1, MASKWALL7::MASKWALL7__STATIC
1175, 0, JAILBARBREAK
1178, 1, DOORTILE11::DOORTILE11__STATIC
1179, 1, DOORTILE12::DOORTILE12__STATIC
1212, 1, VENDMACHINE::VENDMACHINE__STATIC
1214, 0, VENDMACHINEBROKE
1215, 1, COLAMACHINE::COLAMACHINE__STATIC
1217, 0, COLAMACHINEBROKE
1221, 1, CRANEPOLE::CRANEPOLE__STATIC
1222, 1, CRANE::CRANE__STATIC
1225, 0, BARBROKE::BARBROKE__STATIC
1226, 1, BLOODPOOL::BLOODPOOL__STATIC
1227, 1, NUKEBARREL::NUKEBARREL__STATIC
1228, 1, NUKEBARRELDENTED::NUKEBARRELDENTED__STATIC
1229, 1, NUKEBARRELLEAKED::NUKEBARRELLEAKED__STATIC
1232, 1, CANWITHSOMETHING::CANWITHSOMETHING__STATIC
1233, 1, MONEY::MONEY__STATIC
1236, 0, BANNER::BANNER__STATIC
1238, 1, EXPLODINGBARREL::EXPLODINGBARREL__STATIC
1239, 0, EXPLODINGBARREL2::EXPLODINGBARREL2__STATIC
1240, 1, FIREBARREL::FIREBARREL__STATIC
1247, 1, SEENINE::SEENINE__STATIC
1248, 1, SEENINEDEAD::SEENINEDEAD__STATIC
1250, 1, STEAM::STEAM__STATIC
1255, 1, CEILINGSTEAM::CEILINGSTEAM__STATIC
1260, 1, PIPE6B::PIPE6B__STATIC
1261, 1, TRANSPORTERBEAM::TRANSPORTERBEAM__STATIC
1267, 1, RAT::RAT__STATIC
1272, 1, TRASH::TRASH__STATIC
1280, 1, FEMPIC1::FEMPIC1__STATIC
1289, 1, FEMPIC2::FEMPIC2__STATIC
1293, 1, BLANKSCREEN::BLANKSCREEN__STATIC
1294, 1, PODFEM1::PODFEM1__STATIC
1298, 1, FEMPIC3::FEMPIC3__STATIC
1306, 1, FEMPIC4::FEMPIC4__STATIC
1312, 1, FEM1::FEM1__STATIC
1317, 1, FEM2::FEM2__STATIC
1321, 1, FEM3::FEM3__STATIC
1323, 1, FEM5::FEM5__STATIC
1324, 1, BLOODYPOLE::BLOODYPOLE__STATIC
1325, 1, FEM4::FEM4__STATIC
1334, 1, FEM6::FEM6__STATIC
1335, 1, FEM6PAD::FEM6PAD__STATIC
1336, 1, FEM8::FEM8__STATIC
1346, 1, HELECOPT::HELECOPT__STATIC
1347, 1, FETUSJIB::FETUSJIB__STATIC
1348, 1, HOLODUKE::HOLODUKE__STATIC
1352, 1, MONK::MONK__STATIC
1353, 1, SPACEMARINE::SPACEMARINE__STATIC
1354, 1, LUKE::LUKE__STATIC
1355, 1, INDY::INDY__STATIC
1358, 1, FETUS::FETUS__STATIC
1359, 1, FETUSBROKE::FETUSBROKE__STATIC
1360, 1, COOLEXPLOSION1::COOLEXPLOSION1__STATIC
1380, 1, WATERSPLASH2::WATERSPLASH2__STATIC
1390, 1, FIREVASE::FIREVASE__STATIC
1393, 0, SCRATCH
1395, 1, FEM7::FEM7__STATIC
1400, 1, APLAYERTOP::APLAYERTOP__STATIC
1405, 1, APLAYER::APLAYER__STATIC
1420, 1, PLAYERONWATER::PLAYERONWATER__STATIC
1518, 1, DUKELYINGDEAD::DUKELYINGDEAD__STATIC
1520, 1, DUKETORSO::DUKETORSO__STATIC
1528, 1, DUKEGUN::DUKEGUN__STATIC
1536, 1, DUKELEG::DUKELEG__STATIC
1550, 1, SHARK::SHARK__STATIC
1620, 1, BLOOD::BLOOD__STATIC
1625, 1, FIRELASER::FIRELASER__STATIC
1630, 1, TRANSPORTERSTAR::TRANSPORTERSTAR__STATIC
1636, 1, SPIT::SPIT__STATIC
1637, 1, LOOGIE::LOOGIE__STATIC
1640, 1, FIST::FIST__STATIC
1641, 1, FREEZEBLAST::FREEZEBLAST__STATIC
1642, 0, DEVISTATORBLAST
1646, 1, SHRINKSPARK::SHRINKSPARK__STATIC
1647, 1, TONGUE::TONGUE__STATIC
1650, 1, MORTER::MORTER__STATIC
1656, 1, SHRINKEREXPLOSION::SHRINKEREXPLOSION__STATIC
1670, 1, RADIUSEXPLOSION::RADIUSEXPLOSION__STATIC
1671, 1, FORCERIPPLE::FORCERIPPLE__STATIC
1680, 1, LIZTROOP::LIZTROOP__STATIC
1681, 1, LIZTROOPRUNNING::LIZTROOPRUNNING__STATIC
1682, 1, LIZTROOPSTAYPUT::LIZTROOPSTAYPUT__STATIC
1705, 0, LIZTOP
1715, 1, LIZTROOPSHOOT::LIZTROOPSHOOT__STATIC
1725, 1, LIZTROOPJETPACK::LIZTROOPJETPACK__STATIC
1734, 0, LIZTROOPDSPRITE
1741, 1, LIZTROOPONTOILET::LIZTROOPONTOILET__STATIC
1742, 1, LIZTROOPJUSTSIT::LIZTROOPJUSTSIT__STATIC
1744, 1, LIZTROOPDUCKING::LIZTROOPDUCKING__STATIC
1768, 1, HEADJIB1::HEADJIB1__STATIC
1772, 1, ARMJIB1::ARMJIB1__STATIC
1776, 1, LEGJIB1::LEGJIB1__STATIC
1810, 0, CANNON
1817, 0, CANNONBALL
1818, 0, CANNONBALLS
1820, 1, OCTABRAIN::OCTABRAIN__STATIC
1821, 1, OCTABRAINSTAYPUT::OCTABRAINSTAYPUT__STATIC
1845, 0, OCTATOP
1855, 0, OCTADEADSPRITE
1860, 1, INNERJAW::INNERJAW__STATIC
1880, 1, DRONE::DRONE__STATIC
1890, 1, EXPLOSION2::EXPLOSION2__STATIC
1891, 1, FLAMETHROWERFLAME__STATIC
1920, 1, COMMANDER::COMMANDER__STATIC
1921, 1, COMMANDERSTAYPUT::COMMANDERSTAYPUT__STATIC
1960, 1, RECON::RECON__STATIC
1975, 1, TANK::TANK__STATIC
2000, 1, PIGCOP::PIGCOP__STATIC
2001, 1, PIGCOPSTAYPUT::PIGCOPSTAYPUT__STATIC
2045, 1, PIGCOPDIVE::PIGCOPDIVE__STATIC
2060, 0, PIGCOPDEADSPRITE
2061, 0, PIGTOP
2120, 1, LIZMAN::LIZMAN__STATIC
2121, 1, LIZMANSTAYPUT::LIZMANSTAYPUT__STATIC
2150, 1, LIZMANSPITTING::LIZMANSPITTING__STATIC
2160, 1, LIZMANFEEDING::LIZMANFEEDING__STATIC
2165, 1, LIZMANJUMP::LIZMANJUMP__STATIC
2185, 0, LIZMANDEADSPRITE
2200, 1, FECES::FECES__STATIC
2201, 1, LIZMANHEAD1::LIZMANHEAD1__STATIC
2205, 1, LIZMANARM1::LIZMANARM1__STATIC
2209, 1, LIZMANLEG1::LIZMANLEG1__STATIC
2219, 1, EXPLOSION2BOT::EXPLOSION2BOT__STATIC
2235, 0, USERWEAPON
2242, 0, HEADERBAR
2245, 1, JIBS1::JIBS1__STATIC
2250, 1, JIBS2::JIBS2__STATIC
2255, 1, JIBS3::JIBS3__STATIC
2260, 1, JIBS4::JIBS4__STATIC
2265, 1, JIBS5::JIBS5__STATIC
2270, 1, BURNING::BURNING__STATIC
2271, 1, FIRE::FIRE__STATIC
2286, 1, JIBS6::JIBS6__STATIC
2296, 1, BLOODSPLAT1::BLOODSPLAT1__STATIC
2297, 1, BLOODSPLAT3::BLOODSPLAT3__STATIC
2298, 1, BLOODSPLAT2::BLOODSPLAT2__STATIC
2299, 1, BLOODSPLAT4::BLOODSPLAT4__STATIC
2300, 1, OOZ::OOZ__STATIC
2301, 1, WALLBLOOD1::WALLBLOOD1__STATIC
2302, 1, WALLBLOOD2::WALLBLOOD2__STATIC
2303, 1, WALLBLOOD3::WALLBLOOD3__STATIC
2304, 1, WALLBLOOD4::WALLBLOOD4__STATIC
2305, 1, WALLBLOOD5::WALLBLOOD5__STATIC
2306, 0, WALLBLOOD6
2307, 1, WALLBLOOD7::WALLBLOOD7__STATIC
2308, 1, WALLBLOOD8::WALLBLOOD8__STATIC
2309, 1, OOZ2::OOZ2__STATIC
2310, 1, BURNING2::BURNING2__STATIC
2311, 1, FIRE2::FIRE2__STATIC
2324, 1, CRACKKNUCKLES::CRACKKNUCKLES__STATIC
2329, 1, SMALLSMOKE::SMALLSMOKE__STATIC
2330, 0, SMALLSMOKEMAKER
2333, 1, FLOORFLAME::FLOORFLAME__STATIC
2360, 1, ROTATEGUN::ROTATEGUN__STATIC
2370, 1, GREENSLIME::GREENSLIME__STATIC
2380, 1, WATERDRIPSPLASH::WATERDRIPSPLASH__STATIC
2390, 1, SCRAP6::SCRAP6__STATIC
2400, 1, SCRAP1::SCRAP1__STATIC
2404, 1, SCRAP2::SCRAP2__STATIC
2408, 1, SCRAP3::SCRAP3__STATIC
2412, 1, SCRAP4::SCRAP4__STATIC
2416, 1, SCRAP5::SCRAP5__STATIC
2420, 1, ORGANTIC::ORGANTIC__STATIC
2440, 1, BETAVERSION::BETAVERSION__STATIC
2442, 0, PLAYERISHERE
2443, 0, PLAYERWASHERE
2444, 1, SELECTDIR::SELECTDIR__STATIC
2445, 1, F1HELP::F1HELP__STATIC
2446, 0, NOTCHON
2447, 0, NOTCHOFF
2448, 1, GROWSPARK::GROWSPARK__STATIC
2452, 1, DUKEICON
2453, 0, BADGUYICON
2454, 0, FOODICON
2455, 0, GETICON
2456, 1, MENUSCREEN::MENUSCREEN__STATIC
2457, 1, MENUBAR::MENUBAR__STATIC
2458, 1, KILLSICON::KILLSICON__STATIC
2460, 1, FIRSTAID_ICON::FIRSTAID_ICON__STATIC
2461, 1, HEAT_ICON::HEAT_ICON__STATIC
2462, 1, BOTTOMSTATUSBAR::BOTTOMSTATUSBAR__STATIC
2463, 1, BOOT_ICON::BOOT_ICON__STATIC
2465, 1, FRAGBAR::FRAGBAR__STATIC
2467, 1, JETPACK_ICON::JETPACK_ICON__STATIC
2468, 1, AIRTANK_ICON::AIRTANK_ICON__STATIC
2469, 1, STEROIDS_ICON::STEROIDS_ICON__STATIC
2470, 1, HOLODUKE_ICON::HOLODUKE_ICON__STATIC
2471, 1, ACCESS_ICON::ACCESS_ICON__STATIC
2472, 1, DIGITALNUM::DIGITALNUM__STATIC
2482, 1, CAMCORNER::CAMCORNER__STATIC
2484, 1, CAMLIGHT::CAMLIGHT__STATIC
2485, 0, LOGO
2486, 1, TITLE
2487, 0, NUKEWARNINGICON
2488, 0, MOUSECURSOR
2489, 1, SLIDEBAR::SLIDEBAR__STATIC
2491, 1, DUKECAR::DUKECAR__STATIC
2492, 1, DREALMS::DREALMS__STATIC
2493, 1, BETASCREEN::BETASCREEN__STATIC
2494, 1, WINDOWBORDER1::WINDOWBORDER1__STATIC
2495, 1, TEXTBOX::TEXTBOX__STATIC
2496, 1, WINDOWBORDER2::WINDOWBORDER2__STATIC
2497, 1, DUKENUKEM::DUKENUKEM__STATIC
2498, 1, THREEDEE::THREEDEE__STATIC
2499, 1, INGAMEDUKETHREEDEE::INGAMEDUKETHREEDEE__STATIC
2500, 1, TENSCREEN::TENSCREEN__STATIC
2501, 1, PLUTOPAKSPRITE::PLUTOPAKSPRITE__STATIC
2510, 1, DEVISTATOR::DEVISTATOR__STATIC
2521, 1, KNEE::KNEE__STATIC
2523, 1, CROSSHAIR::CROSSHAIR__STATIC
2524, 1, FIRSTGUN::FIRSTGUN__STATIC
2528, 1, FIRSTGUNRELOAD::FIRSTGUNRELOAD__STATIC
2530, 0, FALLINGCLIP
2531, 0, CLIPINHAND
2532, 0, HAND
2533, 1, SHELL::SHELL__STATIC
2535, 1, SHOTGUNSHELL::SHOTGUNSHELL__STATIC
2536, 1, CHAINGUN::CHAINGUN__STATIC
2544, 1, RPGGUN::RPGGUN__STATIC
2545, 0, RPGMUZZLEFLASH
2548, 1, FREEZE::FREEZE__STATIC
2552, 0, CATLITE
2556, 1, SHRINKER::SHRINKER__STATIC
2563, 1, HANDHOLDINGLASER::HANDHOLDINGLASER__STATIC
2566, 1, TRIPBOMB::TRIPBOMB__STATIC
2567, 1, LASERLINE::LASERLINE__STATIC
2568, 1, HANDHOLDINGACCESS::HANDHOLDINGACCESS__STATIC
2570, 1, HANDREMOTE::HANDREMOTE__STATIC
2573, 1, HANDTHROW::HANDTHROW__STATIC
2576, 1, TIP::TIP__STATIC
2578, 0, GLAIR
2581, 1, SCUBAMASK::SCUBAMASK__STATIC
2584, 0, SPACEMASK
2590, 1, FORCESPHERE::FORCESPHERE__STATIC
2595, 1, SHOTSPARK1::SHOTSPARK1__STATIC
2605, 1, RPG::RPG__STATIC
2612, 1, LASERSITE::LASERSITE__STATIC
2613, 1, SHOTGUN::SHOTGUN__STATIC
2630, 1, BOSS1::BOSS1__STATIC
2631, 1, BOSS1STAYPUT::BOSS1STAYPUT__STATIC
2660, 1, BOSS1SHOOT::BOSS1SHOOT__STATIC
2670, 1, BOSS1LOB::BOSS1LOB__STATIC
2696, 1, BOSSTOP::BOSSTOP__STATIC
2710, 1, BOSS2::BOSS2__STATIC
2711, 1, BOSS2STAYPUT__STATIC
2760, 1, BOSS3::BOSS3__STATIC
2761, 1, BOSS3STAYPUT__STATIC
2813, 1, SPINNINGNUKEICON::SPINNINGNUKEICON__STATIC
2820, 0, BIGFNTCURSOR
2821, 1, SMALLFNTCURSOR::SMALLFNTCURSOR__STATIC
2822, 1, STARTALPHANUM::STARTALPHANUM__STATIC
2915, 1, ENDALPHANUM::ENDALPHANUM__STATIC
2940, 1, BIGALPHANUM::BIGALPHANUM__STATIC
3002, 1, BIGPERIOD::BIGPERIOD__STATIC
3003, 1, BIGCOMMA::BIGCOMMA__STATIC
3004, 0, BIGX::BIGX__STATIC
3005, 1, BIGQ::BIGQ__STATIC
3006, 1, BIGSEMI::BIGSEMI__STATIC
3007, 1, BIGCOLIN::BIGCOLIN__STATIC
3010, 1, THREEBYFIVE::THREEBYFIVE__STATIC
3022, 1, BIGAPPOS::BIGAPPOS__STATIC
3026, 0, BLANK
3072, 1, MINIFONT::MINIFONT__STATIC
3164, 0, BUTTON1
3187, 0, GLASS3
3190, 1, RESPAWNMARKERRED::RESPAWNMARKERRED__STATIC
3200, 1, RESPAWNMARKERYELLOW::RESPAWNMARKERYELLOW__STATIC
3210, 1, RESPAWNMARKERGREEN::RESPAWNMARKERGREEN__STATIC
3240, 1, BONUSSCREEN::BONUSSCREEN__STATIC
3250, 1, VIEWBORDER::VIEWBORDER__STATIC
3260, 1, VICTORY1::VICTORY1__STATIC
3270, 1, ORDERING::ORDERING__STATIC
3280, 1, TEXTSTORY::TEXTSTORY__STATIC
3281, 1, LOADSCREEN::LOADSCREEN__STATIC
3370, 1, BORNTOBEWILDSCREEN::BORNTOBEWILDSCREEN__STATIC
3400, 1, BLIMP::BLIMP__STATIC
3450, 1, FEM9::FEM9__STATIC
3701, 0, FOOTPRINT
3999, 1, FRAMEEFFECT1_13::FRAMEEFFECT1_13__STATIC
4094, 1, POOP
4095, 1, FRAMEEFFECT1::FRAMEEFFECT1__STATIC
4099, 1, PANNEL3::PANNEL3__STATIC
4100, 1, BPANNEL3::BPANNEL3__STATIC
4120, 1, SCREENBREAK14::SCREENBREAK14__STATIC
4123, 1, SCREENBREAK15::SCREENBREAK15__STATIC
4125, 1, SCREENBREAK19::SCREENBREAK19__STATIC
4127, 1, SCREENBREAK16::SCREENBREAK16__STATIC
4128, 1, SCREENBREAK17::SCREENBREAK17__STATIC
4129, 1, SCREENBREAK18::SCREENBREAK18__STATIC
4130, 1, W_TECHWALL11::W_TECHWALL11__STATIC
4131, 1, W_TECHWALL12::W_TECHWALL12__STATIC
4132, 1, W_TECHWALL13::W_TECHWALL13__STATIC
4133, 1, W_TECHWALL14::W_TECHWALL14__STATIC
4134, 1, W_TECHWALL5::W_TECHWALL5__STATIC
4136, 1, W_TECHWALL6::W_TECHWALL6__STATIC
4138, 1, W_TECHWALL7::W_TECHWALL7__STATIC
4140, 1, W_TECHWALL8::W_TECHWALL8__STATIC
4142, 1, W_TECHWALL9::W_TECHWALL9__STATIC
4144, 1, W_HITTECHWALL16::W_HITTECHWALL16__STATIC
4145, 1, W_HITTECHWALL10::W_HITTECHWALL10__STATIC
4147, 1, W_HITTECHWALL15::W_HITTECHWALL15__STATIC
4181, 1, W_MILKSHELF::W_MILKSHELF__STATIC
4203, 1, W_MILKSHELFBROKE::W_MILKSHELFBROKE__STATIC
4240, 1, PURPLELAVA::PURPLELAVA__STATIC
4340, 0, LAVABUBBLE
4352, 0, DUKECUTOUT
4359, 1, TARGET::TARGET__STATIC
4360, 0, GUNPOWDERBARREL
4361, 1, DUCK::DUCK__STATIC
4367, 0, HATRACK
4370, 0, DESKLAMP
4372, 0, COFFEEMACHINE
4373, 0, CUPS
4374, 0, GAVALS
4375, 0, GAVALS2
4377, 0, POLICELIGHTPOLE
4388, 0, FLOORBASKET
4389, 1, PUKE::PUKE__STATIC
4391, 1, DOORTILE23::DOORTILE23__STATIC
4396, 0, TOPSECRET
4397, 1, SPEAKER::SPEAKER__STATIC
4400, 0, TEDDYBEAR
4402, 0, ROBOTDOG
4404, 0, ROBOTPIRATE
4407, 0, ROBOTMOUSE
4410, 1, MAIL::MAIL__STATIC
4413, 0, MAILBAG
4427, 1, HOTMEAT::HOTMEAT__STATIC
4438, 0, COFFEEMUG
4440, 0, DONUTS2
4444, 1, TRIPODCAMERA::TRIPODCAMERA__STATIC
4453, 0, METER
4454, 0, DESKPHONE
4458, 0, GUMBALLMACHINE
4459, 0, GUMBALLMACHINEBROKE
4460, 1, PAPER::PAPER__STATIC
4464, 0, MACE
4465, 1, GENERICPOLE2::GENERICPOLE2__STATIC
4470, 1, XXXSTACY::XXXSTACY__STATIC
4495, 0, WETFLOOR
4496, 0, BROOM
4497, 0, MOP
4502, 1, LETTER::LETTER__STATIC
4510, 0, PIRATE1A
4511, 0, PIRATE4A
4512, 0, PIRATE2A
4513, 0, PIRATE5A
4514, 0, PIRATE3A
4515, 0, PIRATE6A
4516, 0, PIRATEHALF
4520, 0, CHESTOFGOLD
4525, 1, SIDEBOLT1::SIDEBOLT1__STATIC
4530, 0, FOODOBJECT1
4531, 0, FOODOBJECT2
4532, 0, FOODOBJECT3
4533, 0, FOODOBJECT4
4534, 0, FOODOBJECT5
4535, 0, FOODOBJECT6
4536, 0, FOODOBJECT7
4537, 0, FOODOBJECT8
4538, 0, FOODOBJECT9
4539, 0, FOODOBJECT10
4540, 0, FOODOBJECT11
4541, 0, FOODOBJECT12
4542, 0, FOODOBJECT13
4543, 0, FOODOBJECT14
4544, 0, FOODOBJECT15
4545, 1, FOODOBJECT16::FOODOBJECT16__STATIC
4546, 0, FOODOBJECT17
4547, 0, FOODOBJECT18
4548, 0, FOODOBJECT19
4549, 0, FOODOBJECT20
4550, 0, HEADLAMP
4554, 0, SKINNEDCHICKEN
4555, 0, FEATHEREDCHICKEN
4557, 1, TAMPON::TAMPON__STATIC
4560, 0, ROBOTDOG2
4569, 0, JOLLYMEAL
4570, 0, DUKEBURGER
4576, 0, SHOPPINGCART
4580, 1, CANWITHSOMETHING2::CANWITHSOMETHING2__STATIC
4581, 1, CANWITHSOMETHING3::CANWITHSOMETHING3__STATIC
4582, 1, CANWITHSOMETHING4::CANWITHSOMETHING4__STATIC
4590, 0, SNAKEP
4591, 1, DOLPHIN1::DOLPHIN1__STATIC
4592, 1, DOLPHIN2::DOLPHIN2__STATIC
4610, 1, NEWBEAST::NEWBEAST__STATIC
4611, 1, NEWBEASTSTAYPUT::NEWBEASTSTAYPUT__STATIC
4670, 0, NEWBEASTHANG
4671, 0, NEWBEASTHANGDEAD
4690, 0, NEWBEASTJUMP
4740, 1, BOSS4::BOSS4__STATIC
4741, 1, BOSS4STAYPUT::BOSS4STAYPUT__STATIC
4864, 1, FEM10::FEM10__STATIC
4866, 1, TOUGHGAL::TOUGHGAL__STATIC
4871, 1, MAN::MAN__STATIC
4872, 1, MAN2::MAN2__STATIC
4874, 1, WOMAN::WOMAN__STATIC
4887, 0, PLEASEWAIT
4890, 1, NATURALLIGHTNING::NATURALLIGHTNING__STATIC
4893, 1, WEATHERWARN::WEATHERWARN__STATIC
4900, 1, DUKETAG::DUKETAG__STATIC
4909, 1, SIGN1::SIGN1__STATIC
4912, 1, SIGN2::SIGN2__STATIC
4943, 1, JURYGUY::JURYGUY__STATIC
5120, 0, WIDESCREENSTATUSBAR__STATIC
5121, 0, RPGGUNWIDE__STATIC
5122, 0, FIRSTGUNRELOADWIDE__STATIC
5123, 0, FREEZEWIDE__STATIC
5124, 0, FREEZEFIREWIDE__STATIC
5127, 0, SHRINKERWIDE__STATIC
5129, 0, CRACKKNUCKLESWIDE__STATIC
5134, 1, FLAMETHROWERSPRITE__STATIC
5135, 1, FLAMETHROWERAMMO__STATIC
5138, 0, FLAMETHROWER__STATIC
5139, 0, FLAMETHROWERFIRE__STATIC
5143, 1, ONFIRESMOKE__STATIC
5152, 1, ONFIRE__STATIC
5163, 1, FIREBALL__STATIC
5173, 1, BURNEDCORPSE__STATIC
5174, 0, FLAMETHROWERPILOT__STATIC
5180, 1, FIREFLY__STATIC
5207, 1, LAVAPOOLBUBBLE__STATIC
5268, 1, WHISPYSMOKE__STATIC
5296, 1, FIREFLYFLYINGEFFECT__STATIC
5304, 1, LAVAPOOL__STATIC
5310, 1, BOSS5__STATIC
5311, 1, BOSS5STAYPUT__STATIC
5360, 0, FIREFLYSHRINKEFFECT__STATIC
5367, 0, FIREFLYGROWEFFECT__STATIC
5371, 0, LAVASPLASH__STATIC
5736, 1, E32_TILE5736__STATIC
5737, 1, E32_TILE5737__STATIC
5846, 1, E32_TILE5846__STATIC
6132, 0, RESERVEDSLOT1
6133, 0, RESERVEDSLOT2
6134, 0, RESERVEDSLOT3
6135, 0, RESERVEDSLOT4
6136, 0, RESERVEDSLOT5
6137, 0, RESERVEDSLOT6
6138, 0, RESERVEDSLOT7
6139, 0, RESERVEDSLOT8
6140, 0, RESERVEDSLOT9
6141, 0, RESERVEDSLOT10
6142, 0, RESERVEDSLOT11
6143, 0, RESERVEDSLOT12
